documento_id,titulo,campo,valor_original,candidatos,requiere_revision,decision,observacion,estado
https://hdl.handle.net/11362/3955,"Efectos del cambio climático en la costa de América Latina y el Caribe: dinámicas, tendencias y variabilidad climática",autoria,"Instituto de Hidráulica Ambiental de la Universidad de Cantabria (dirección: Iñigo Losada Rodríguez; coordinación: Fernando J. Méndez Incera; equipo de investigación encabezado por Borja González Reguero), en colaboración con la División de Desarrollo Sostenible y Asentamientos Humanos de la CEPAL (Carlos de Miguel, José Javier Gómez, Karina Martínez y Mauricio Pereira)",Instituto de Hidráulica Ambiental de la Universidad de Cantabria (dirección: Iñigo Losada Rodríguez | coordinación: Fernando J. Méndez Incera | equipo de investigación encabezado por Borja González Reguero) | en colaboración con la División de Desarrollo Sostenible | Asentamientos Humanos de la CEPAL (Carlos de Miguel | José Javier Gómez | Karina Martínez | Mauricio Pereira),True,,,pendiente
https://hdl.handle.net/11362/3955,"Efectos del cambio climático en la costa de América Latina y el Caribe: dinámicas, tendencias y variabilidad climática",tipo_documento,"Documento de proyecto o estudio técnico (informe técnico regional, primero de una serie de cuatro del proyecto C3A)",estudio_tecnico:Estudio técnico,False,,,pendiente
https://hdl.handle.net/11362/3955,"Efectos del cambio climático en la costa de América Latina y el Caribe: dinámicas, tendencias y variabilidad climática",ambito_aplicacion,"Costa de América Latina y el Caribe en su conjunto, de aproximadamente 72.182 km, subdividida en cuatro zonas geográficas: Norteamérica (México), Centroamérica, Sudamérica e Islas del Caribe (p.28), con resultados calculados en 1.132 puntos costeros en profundidades indefinidas y comparaciones puntuales en localizaciones específicas de casi todos los países ribereños (p.60, cuadro 1.10)",regional:Regional | subregional:Subregional,True,,,pendiente
https://hdl.handle.net/11362/3955,"Efectos del cambio climático en la costa de América Latina y el Caribe: dinámicas, tendencias y variabilidad climática",paises,"Costa de América Latina y el Caribe en su conjunto, de aproximadamente 72.182 km, subdividida en cuatro zonas geográficas: Norteamérica (México), Centroamérica, Sudamérica e Islas del Caribe (p.28), con resultados calculados en 1.132 puntos costeros en profundidades indefinidas y comparaciones puntuales en localizaciones específicas de casi todos los países ribereños (p.60, cuadro 1.10)",mexico:México,False,,,pendiente
https://hdl.handle.net/11362/3955,"Efectos del cambio climático en la costa de América Latina y el Caribe: dinámicas, tendencias y variabilidad climática",subregiones,"Costa de América Latina y el Caribe en su conjunto, de aproximadamente 72.182 km, subdividida en cuatro zonas geográficas: Norteamérica (México), Centroamérica, Sudamérica e Islas del Caribe (p.28), con resultados calculados en 1.132 puntos costeros en profundidades indefinidas y comparaciones puntuales en localizaciones específicas de casi todos los países ribereños (p.60, cuadro 1.10)",alc:América Latina y el Caribe | centroamerica:Centroamérica | caribe:Caribe,False,,,pendiente
https://hdl.handle.net/11362/3955,"Efectos del cambio climático en la costa de América Latina y el Caribe: dinámicas, tendencias y variabilidad climática",sectores,"Dinámica oceanográfica y costera (nivel del mar, oleaje, mareas, temperatura, salinidad, viento, huracanes) como insumo físico para la ingeniería de costas y puertos, la planificación de infraestructura portuaria y turística, y la gestión integral del riesgo climático costero (p.26-27); no aborda directamente sectores productivos, energéticos ni sociales",transporte:Transporte | ecosistemas:Ecosistemas y biodiversidad,False,,,pendiente
https://hdl.handle.net/11362/3955,"Efectos del cambio climático en la costa de América Latina y el Caribe: dinámicas, tendencias y variabilidad climática",organizaciones,"España, a través de la Oficina Española de Cambio Climático (Ministerio de Medio Ambiente y Medio Rural y Marino) y el Ministerio de Asuntos Exteriores y de Cooperación, como financiador y origen de la metodología UC/OECC de evaluación de impactos costeros que se aplica en el estudio (p.27); Estados Unidos, como origen de las bases de datos de reanálisis atmosférico NCEP/NCAR, la base de datos de huracanes HURDAT y la red de boyas NDBC de la NOAA (p.40, p.223); el IPCC (informes TAR y AR4) como fuente de los escenarios de emisión y proyecciones de nivel del mar contrastados en el documento (p.43-45)",ipcc:IPCC,False,,,pendiente
https://hdl.handle.net/11362/39840,Ocho tesis sobre el cambio climático y el desarrollo sostenible en América Latina,autoria,"Luis Miguel Galindo, Joseluis Samaniego, José Eduardo Alatorre, Jimy Ferrer Carbonell, Orlando Reyes, Luis Sánchez",Luis Miguel Galindo | Joseluis Samaniego | José Eduardo Alatorre | Jimy Ferrer Carbonell | Orlando Reyes | Luis Sánchez,False,,,pendiente
https://hdl.handle.net/11362/39840,Ocho tesis sobre el cambio climático y el desarrollo sostenible en América Latina,tipo_documento,Documento de Proyecto,estudio_tecnico:Estudio técnico,False,,,pendiente
https://hdl.handle.net/11362/39840,Ocho tesis sobre el cambio climático y el desarrollo sostenible en América Latina,ambito_aplicacion,"América Latina y el Caribe en conjunto, con desagregación por país en cuadros y gráficos: encuestas de gasto de los hogares de Argentina, Brasil, Chile, Colombia, Costa Rica, El Salvador, México, Nicaragua y Uruguay (Gráficos 8-12), y datos de emisiones/tasa de motorización de Argentina, Bolivia, Brasil, Chile, Colombia, Cuba, Ecuador, El Salvador, Guatemala, Haití, Honduras, Jamaica, México, Nicaragua, Panamá, Paraguay, Perú, República Dominicana, Trinidad y Tobago, Uruguay y Venezuela.",regional:Regional | subregional:Subregional | nacional:Nacional,True,,,pendiente
https://hdl.handle.net/11362/39840,Ocho tesis sobre el cambio climático y el desarrollo sostenible en América Latina,paises,"América Latina y el Caribe en conjunto, con desagregación por país en cuadros y gráficos: encuestas de gasto de los hogares de Argentina, Brasil, Chile, Colombia, Costa Rica, El Salvador, México, Nicaragua y Uruguay (Gráficos 8-12), y datos de emisiones/tasa de motorización de Argentina, Bolivia, Brasil, Chile, Colombia, Cuba, Ecuador, El Salvador, Guatemala, Haití, Honduras, Jamaica, México, Nicaragua, Panamá, Paraguay, Perú, República Dominicana, Trinidad y Tobago, Uruguay y Venezuela.",argentina:Argentina | bolivia:Bolivia (Estado Plurinacional de) | brasil:Brasil | chile:Chile | colombia:Colombia | costa_rica:Costa Rica | cuba:Cuba | ecuador:Ecuador | el_salvador:El Salvador | guatemala:Guatemala | haiti:Haití | honduras:Honduras | jamaica:Jamaica | mexico:México | nicaragua:Nicaragua | panama:Panamá | paraguay:Paraguay | peru:Perú | republica_dominicana:República Dominicana | uruguay:Uruguay | venezuela:Venezuela (República Bolivariana de),False,,,pendiente
https://hdl.handle.net/11362/39840,Ocho tesis sobre el cambio climático y el desarrollo sostenible en América Latina,subregiones,"América Latina y el Caribe en conjunto, con desagregación por país en cuadros y gráficos: encuestas de gasto de los hogares de Argentina, Brasil, Chile, Colombia, Costa Rica, El Salvador, México, Nicaragua y Uruguay (Gráficos 8-12), y datos de emisiones/tasa de motorización de Argentina, Bolivia, Brasil, Chile, Colombia, Cuba, Ecuador, El Salvador, Guatemala, Haití, Honduras, Jamaica, México, Nicaragua, Panamá, Paraguay, Perú, República Dominicana, Trinidad y Tobago, Uruguay y Venezuela.",alc:América Latina y el Caribe | caribe:Caribe,False,,,pendiente
https://hdl.handle.net/11362/39840,Ocho tesis sobre el cambio climático y el desarrollo sostenible en América Latina,sectores,"Clima físico (proyecciones IPCC-CMIP5), energía y transporte (consumo y elasticidad de la demanda de gasolina), consumo de los hogares por quintil de ingreso, sector agropecuario, salud (contaminación atmosférica urbana) y macroeconomía/pobreza (elasticidades crecimiento-pobreza-desigualdad).",agricultura:Agricultura | energia:Energía | transporte:Transporte | salud:Salud | proteccion_social:Protección social,False,,,pendiente
https://hdl.handle.net/11362/39840,Ocho tesis sobre el cambio climático y el desarrollo sostenible en América Latina,organizaciones,"Países de la OCDE (excluyendo Chile y México) como referente de comparación de elasticidades de la demanda de gasolina (Cuadro 3, p.26); Estados Unidos, Australia, España, Italia, Noruega, Países Bajos, Dinamarca y República de Corea como referentes de tasa de motorización de países desarrollados (Gráfico 15, p.25).",ipcc:IPCC | ocde:OCDE,False,,,pendiente
https://hdl.handle.net/11362/42230,The rise of green bonds: Financing for development in Latin America and the Caribbean,autoria,"Helvia Velloso (ECLAC Washington Office), bajo la supervisión de Inés Bustillo; con la colaboración de Thomas Játiva en la investigación",Helvia Velloso (ECLAC Washington Office) | bajo la supervisión de Inés Bustillo | con la colaboración de Thomas Játiva en la investigación,True,,,pendiente
https://hdl.handle.net/11362/42230,The rise of green bonds: Financing for development in Latin America and the Caribbean,tipo_documento,"Estudio técnico / informe de análisis de mercado (serie LC/WAS/TS, ECLAC Washington Office)",estudio_tecnico:Estudio técnico,False,,,pendiente
https://hdl.handle.net/11362/42230,The rise of green bonds: Financing for development in Latin America and the Caribbean,ambito_aplicacion,"América Latina y el Caribe en conjunto, con desagregación empírica a nivel de ocho jurisdicciones emisoras entre diciembre de 2014 y agosto de 2017: Argentina, Brasil, Chile, Colombia, Costa Rica, México, Perú y un emisor supranacional centroamericano (CABEI); incluye un caso subnacional (Ciudad de México) y un caso de banca multilateral con foco regional (B-Bond de la IIC/BID para un proyecto en Uruguay).",regional:Regional | subregional:Subregional | subnacional:Subnacional,True,,,pendiente
https://hdl.handle.net/11362/42230,The rise of green bonds: Financing for development in Latin America and the Caribbean,paises,"América Latina y el Caribe en conjunto, con desagregación empírica a nivel de ocho jurisdicciones emisoras entre diciembre de 2014 y agosto de 2017: Argentina, Brasil, Chile, Colombia, Costa Rica, México, Perú y un emisor supranacional centroamericano (CABEI); incluye un caso subnacional (Ciudad de México) y un caso de banca multilateral con foco regional (B-Bond de la IIC/BID para un proyecto en Uruguay).",argentina:Argentina | brasil:Brasil | chile:Chile | colombia:Colombia | costa_rica:Costa Rica | mexico:México | peru:Perú | uruguay:Uruguay,False,,,pendiente
https://hdl.handle.net/11362/42230,The rise of green bonds: Financing for development in Latin America and the Caribbean,subregiones,"América Latina y el Caribe en conjunto, con desagregación empírica a nivel de ocho jurisdicciones emisoras entre diciembre de 2014 y agosto de 2017: Argentina, Brasil, Chile, Colombia, Costa Rica, México, Perú y un emisor supranacional centroamericano (CABEI); incluye un caso subnacional (Ciudad de México) y un caso de banca multilateral con foco regional (B-Bond de la IIC/BID para un proyecto en Uruguay).",alc:América Latina y el Caribe | caribe:Caribe,False,,,pendiente
https://hdl.handle.net/11362/42230,The rise of green bonds: Financing for development in Latin America and the Caribbean,sectores,"Mercado de capitales y financiamiento para el desarrollo, con foco en bonos etiquetados como ""verdes"" o alineados con criterios climáticos (""climate-aligned"") que financian proyectos de energía renovable, eficiencia energética, transporte sostenible, gestión de agua y saneamiento, silvicultura sostenible y conservación de biodiversidad, control de contaminación, e infraestructura multisectorial.",agua:Agua y recursos hídricos | energia:Energía | transporte:Transporte | finanzas:Finanzas y financiamiento | ecosistemas:Ecosistemas y biodiversidad,False,,,pendiente
https://hdl.handle.net/11362/42230,The rise of green bonds: Financing for development in Latin America and the Caribbean,organizaciones,"China, Estados Unidos, Francia, el Reino Unido y Polonia como referentes del tamaño y evolución del mercado global de bonos verdes (p.19-21); el Banco Europeo de Inversiones y el Banco Mundial como emisores fundacionales del mercado en 2007 (p.11); organismos normativos internacionales citados como fuente de estándares voluntarios (Green Bond Principles de ICMA, Climate Bonds Initiative) y la OCDE como fuente de proyecciones globales de inversión climática — todos citados como marco o comparación externa, no como sujeto de análisis regional.",ocde:OCDE | banco_mundial:Banco Mundial,False,,,pendiente
https://hdl.handle.net/11362/42355,Economía del Cambio Climático en Honduras: documento técnico 2017,autoria,"Karina Caballero (autora principal), en el marco de la iniciativa Economía del Cambio Climático en Centroamérica (ECC CA) de la CEPAL, con el apoyo de la Secretaría de Energía, Recursos Naturales, Ambiente y Minas de Honduras (MiAmbiente+), el Banco Interamericano de Desarrollo (BID) y el Nordic Development Fund (NDF)",Karina Caballero (autora principal) | en el marco de la iniciativa Economía del Cambio Climático en Centroamérica (ECC CA) de la CEPAL | con el apoyo de la Secretaría de Energía | Recursos Naturales | Ambiente | Minas de Honduras (MiAmbiente+) | el Banco Interamericano de Desarrollo (BID) | el Nordic Development Fund (NDF),False,,,pendiente
https://hdl.handle.net/11362/42355,Economía del Cambio Climático en Honduras: documento técnico 2017,tipo_documento,"Documento técnico institucional de la serie ""La Economía del Cambio Climático en Centroamérica"" (ECC CA) — estudio cuantitativo de impactos y costos económicos del cambio climático a escala nacional (Honduras), con proyecciones a 2100 bajo los escenarios climáticos B2 y A2 en ocho ámbitos sectoriales (macroeconomía/demografía, clima, recursos hídricos/hidroelectricidad, agricultura, ecosistemas, salud, emisiones de GEI y costos económicos agregados)",estudio_tecnico:Estudio técnico,False,,,pendiente
https://hdl.handle.net/11362/42355,Economía del Cambio Climático en Honduras: documento técnico 2017,ambito_aplicacion,"Honduras a nivel nacional, con desagregación departamental en los capítulos de clima, agua, agricultura y salud (18 departamentos); el documento aplica al caso hondureño la metodología de la serie regional ""La Economía del Cambio Climático en Centroamérica"" (ECC CA) de la CEPAL.",subregional:Subregional | nacional:Nacional | subnacional:Subnacional | multinivel:Multinivel,True,,,pendiente
https://hdl.handle.net/11362/42355,Economía del Cambio Climático en Honduras: documento técnico 2017,paises,"Honduras a nivel nacional, con desagregación departamental en los capítulos de clima, agua, agricultura y salud (18 departamentos); el documento aplica al caso hondureño la metodología de la serie regional ""La Economía del Cambio Climático en Centroamérica"" (ECC CA) de la CEPAL.",honduras:Honduras,False,,,pendiente
https://hdl.handle.net/11362/42355,Economía del Cambio Climático en Honduras: documento técnico 2017,subregiones,"Honduras a nivel nacional, con desagregación departamental en los capítulos de clima, agua, agricultura y salud (18 departamentos); el documento aplica al caso hondureño la metodología de la serie regional ""La Economía del Cambio Climático en Centroamérica"" (ECC CA) de la CEPAL.",centroamerica:Centroamérica,False,,,pendiente
https://hdl.handle.net/11362/42355,Economía del Cambio Climático en Honduras: documento técnico 2017,sectores,"Multisectorial: macroeconomía y demografía, cambio de uso de tierra, energía, clima (temperatura, precipitación, aridez, eventos extremos), recursos hídricos, hidroelectricidad, agricultura (granos básicos y café), seguridad alimentaria y nutricional, aseguramiento agropecuario, biodiversidad y ecosistemas, salud (enfermedades sensibles al clima), emisiones de gases de efecto invernadero y costos económicos agregados.",agricultura:Agricultura | agua:Agua y recursos hídricos | energia:Energía | salud:Salud | ecosistemas:Ecosistemas y biodiversidad,False,,,pendiente
https://hdl.handle.net/11362/42355,Economía del Cambio Climático en Honduras: documento técnico 2017,organizaciones,"Centroamérica (los otros seis países del SICA) como marco de comparación regional en emisiones, salud y proyectos MDL; la sede subregional de la CEPAL en México como coordinadora técnica de la iniciativa ECC CA; el Banco Interamericano de Desarrollo (BID) como agencia ejecutora de componentes de salud y financiamiento (NDF); COMISCA, la OPS, el Instituto de Meteorología de Cuba (INSMET) y el Instituto Nacional de Salud Pública de México (INSP) como cooperantes técnicos del componente salud; el Mecanismo de Desarrollo Limpio (MDL) y sus contrapartes internacionales (Finlandia, Japón, Suiza, Reino Unido, entre otros) como financiadores de los 32 proyectos de reducción de emisiones registrados hasta 2016 (p.199-201).",cepal:CEPAL | bid:BID,False,,,pendiente
https://hdl.handle.net/11362/46101,La tragedia ambiental de América Latina y el Caribe,autoria,"Nicolo Gligo (coordinador), Gisela Alonso, David Barkin, Antonio Brailovsky, Francisco Brzovic, Julio Carrizosa, Hernán Durán, Patricio Fernández, Gilberto Gallopín, José Leal, Margarita Marino de Botero, César Morales, Fernando Ortiz Monasterio, Daniel Panario, Walter Pengue, Manuel Rodríguez Becerra, Alejandro Rofman, René Saa, Héctor Sejenovich, Osvaldo Sunkel y José Villamil (los ""pensadores fundacionales del desarrollo sostenible"" convocados por la División de Desarrollo Sostenible y Asentamientos Humanos de la CEPAL)","Nicolo Gligo (coordinador) | Gisela Alonso | David Barkin | Antonio Brailovsky | Francisco Brzovic | Julio Carrizosa | Hernán Durán | Patricio Fernández | Gilberto Gallopín | José Leal | Margarita Marino de Botero | César Morales | Fernando Ortiz Monasterio | Daniel Panario | Walter Pengue | Manuel Rodríguez Becerra | Alejandro Rofman | René Saa | Héctor Sejenovich | Osvaldo Sunkel | José Villamil (los ""pensadores fundacionales del desarrollo sostenible"" convocados por la División de Desarrollo Sostenible | Asentamientos Humanos de la CEPAL)",False,,,pendiente
https://hdl.handle.net/11362/46101,La tragedia ambiental de América Latina y el Caribe,tipo_documento,"Libro institucional (Libros de la CEPAL N° 161) — compilación de ensayos independientes de veinte autores, insumo para el trigésimo octavo período de sesiones de la CEPAL",compilacion:Compilación,False,,,pendiente
https://hdl.handle.net/11362/46101,La tragedia ambiental de América Latina y el Caribe,ambito_aplicacion,"América Latina y el Caribe en su conjunto, con desagregaciones frecuentes por subregión (Mesoamérica y el Caribe, América del Sur, Cono Sur, países andinos, Centroamérica) y por país (México, Chile, Brasil, Argentina, Bolivia (Estado Plurinacional de), Ecuador, entre otros, en cuadros y gráficos).",regional:Regional | subregional:Subregional | nacional:Nacional,True,,,pendiente
https://hdl.handle.net/11362/46101,La tragedia ambiental de América Latina y el Caribe,paises,"América Latina y el Caribe en su conjunto, con desagregaciones frecuentes por subregión (Mesoamérica y el Caribe, América del Sur, Cono Sur, países andinos, Centroamérica) y por país (México, Chile, Brasil, Argentina, Bolivia (Estado Plurinacional de), Ecuador, entre otros, en cuadros y gráficos).",argentina:Argentina | bolivia:Bolivia (Estado Plurinacional de) | brasil:Brasil | chile:Chile | ecuador:Ecuador | mexico:México,False,,,pendiente
https://hdl.handle.net/11362/46101,La tragedia ambiental de América Latina y el Caribe,subregiones,"América Latina y el Caribe en su conjunto, con desagregaciones frecuentes por subregión (Mesoamérica y el Caribe, América del Sur, Cono Sur, países andinos, Centroamérica) y por país (México, Chile, Brasil, Argentina, Bolivia (Estado Plurinacional de), Ecuador, entre otros, en cuadros y gráficos).",alc:América Latina y el Caribe | centroamerica:Centroamérica | caribe:Caribe | cono_sur:Cono Sur,False,,,pendiente
https://hdl.handle.net/11362/46101,La tragedia ambiental de América Latina y el Caribe,sectores,"Transversal a política ambiental (explícita e implícita), ordenamiento territorial, teoría económica y cuentas nacionales, ciencia y tecnología, energía, agricultura y agricultura familiar, pueblos indígenas y campesinos, y cambio climático (mitigación y adaptación).",agricultura:Agricultura | energia:Energía,False,,,pendiente
https://hdl.handle.net/11362/46101,La tragedia ambiental de América Latina y el Caribe,organizaciones,"Se citan como referentes o contraparte externa: China (como socio comercial extractivo de la región), la Unión Europea y el G-20 (comparación de indicadores de crecimiento y medio ambiente), Estados Unidos, el Vaticano (Carta Encíclica Laudato si'), y marcos e informes globales de origen extrarregional (IPBES, IPCC, Acuerdo de París, Informe Brundtland) usados como fuente de datos o de encuadre teórico, no como sujeto de análisis del documento.",ipcc:IPCC,False,,,pendiente
https://hdl.handle.net/11362/46792,Reflexiones sobre la gestión del agua en América Latina y el Caribe. Textos seleccionados 2002-2020,autoria,"Andrei Jouravlev, Silvia Saravia Matus y Marina Gil Sevilla (compiladores). Autores de los textos originales compilados: M. Ballestero Vargas, J. Bautista Justo, G. Chávez, A. Dourojeanni, A. Embid, M. Hantke-Domas, A. Jouravlev, M. Liber-Justo, T. López Lee, L. Martín, L. Naranjo, H. Peña, F. Saulino, M. Solanes, B. Willaarts y E. Zegarra.",Andrei Jouravlev | Silvia Saravia Matus | Marina Gil Sevilla (compiladores). Autores de los textos originales compilados: M. Ballestero Vargas | J. Bautista Justo | G. Chávez | A. Dourojeanni | A. Embid | M. Hantke-Domas | A. Jouravlev | M. Liber-Justo | T. López Lee | L. Martín | L. Naranjo | H. Peña | F. Saulino | M. Solanes | B. Willaarts | E. Zegarra,True,,,pendiente
https://hdl.handle.net/11362/46792,Reflexiones sobre la gestión del agua en América Latina y el Caribe. Textos seleccionados 2002-2020,tipo_documento,"Compilación institucional de la colección ""Páginas Selectas de la CEPAL"", que reúne extractos de estudios elaborados entre 2002 y 2020 por la División de Recursos Naturales de la CEPAL, organizados en tres capítulos con múltiples obras fuente. El Capítulo I (gobernanza hídrica, gestión de cuencas, seguridad hídrica y conflictos por el agua) compila cuatro documentos de proyecto/serie distintos (Solanes y Jouravlev, 2005; Dourojeanni, Jouravlev y Chávez, 2002; Peña, 2016; Martín y Bautista Justo, 2015). El Capítulo II (derecho humano al agua potable y saneamiento, y regulación de sus servicios) compila dos (Bautista Justo, 2013; Hantke-Domas y Jouravlev, 2011). El Capítulo III (el Nexo entre el agua, la energía y la alimentación) compila seis estudios conceptuales y de caso (Embid y Martín, 2017; Ballestero y López, 2017; Naranjo y Willaarts, 2020; Peña, 2018; Saulino, 2011; Zegarra, 2018). El cambio climático no es el tema central de ninguna de las tres partes: aparece de forma dispersa como uno de varios factores de riesgo y estrés sobre la gestión hídrica, la generación hidroeléctrica y la seguridad alimentaria.",compilacion:Compilación,False,,,pendiente
https://hdl.handle.net/11362/46792,Reflexiones sobre la gestión del agua en América Latina y el Caribe. Textos seleccionados 2002-2020,ambito_aplicacion,"América Latina y el Caribe en su conjunto, con estudios de caso nacionales y subnacionales específicos: Chile (gobernanza hídrica y reforma del Código de Aguas de 2005; Nexo agua-energía-alimentación 1995-2017), Perú (valle de Ica: sobreexplotación de acuíferos, agroexportación y trasvase Choclococha; Ley de Recursos Hídricos de 2009), Costa Rica (cuenca alta del río Reventazón: interdependencia ICE-AyA-JASEC-SENARA), Argentina (conflictos interjurisdiccionales por el río Atuel, Laguna del Maule transfronteriza en la práctica, caso Tucumán/biocombustibles), Brasil (Agencia Nacional de Aguas, biocombustibles de caña de azúcar), México (Comisión Nacional de Agua, trasvases urbanos, precios de energía para bombeo agrícola), Bolivia (Cochabamba, Ley de la Década del Riego), y numerosos otros casos de país dispersos por capítulo.",regional:Regional | subregional:Subregional | nacional:Nacional | subnacional:Subnacional | multinivel:Multinivel,True,,,pendiente
https://hdl.handle.net/11362/46792,Reflexiones sobre la gestión del agua en América Latina y el Caribe. Textos seleccionados 2002-2020,paises,"América Latina y el Caribe en su conjunto, con estudios de caso nacionales y subnacionales específicos: Chile (gobernanza hídrica y reforma del Código de Aguas de 2005; Nexo agua-energía-alimentación 1995-2017), Perú (valle de Ica: sobreexplotación de acuíferos, agroexportación y trasvase Choclococha; Ley de Recursos Hídricos de 2009), Costa Rica (cuenca alta del río Reventazón: interdependencia ICE-AyA-JASEC-SENARA), Argentina (conflictos interjurisdiccionales por el río Atuel, Laguna del Maule transfronteriza en la práctica, caso Tucumán/biocombustibles), Brasil (Agencia Nacional de Aguas, biocombustibles de caña de azúcar), México (Comisión Nacional de Agua, trasvases urbanos, precios de energía para bombeo agrícola), Bolivia (Cochabamba, Ley de la Década del Riego), y numerosos otros casos de país dispersos por capítulo.",argentina:Argentina | bolivia:Bolivia (Estado Plurinacional de) | brasil:Brasil | chile:Chile | costa_rica:Costa Rica | mexico:México | peru:Perú,False,,,pendiente
https://hdl.handle.net/11362/46792,Reflexiones sobre la gestión del agua en América Latina y el Caribe. Textos seleccionados 2002-2020,subregiones,"América Latina y el Caribe en su conjunto, con estudios de caso nacionales y subnacionales específicos: Chile (gobernanza hídrica y reforma del Código de Aguas de 2005; Nexo agua-energía-alimentación 1995-2017), Perú (valle de Ica: sobreexplotación de acuíferos, agroexportación y trasvase Choclococha; Ley de Recursos Hídricos de 2009), Costa Rica (cuenca alta del río Reventazón: interdependencia ICE-AyA-JASEC-SENARA), Argentina (conflictos interjurisdiccionales por el río Atuel, Laguna del Maule transfronteriza en la práctica, caso Tucumán/biocombustibles), Brasil (Agencia Nacional de Aguas, biocombustibles de caña de azúcar), México (Comisión Nacional de Agua, trasvases urbanos, precios de energía para bombeo agrícola), Bolivia (Cochabamba, Ley de la Década del Riego), y numerosos otros casos de país dispersos por capítulo.",alc:América Latina y el Caribe | caribe:Caribe,False,,,pendiente
https://hdl.handle.net/11362/46792,Reflexiones sobre la gestión del agua en América Latina y el Caribe. Textos seleccionados 2002-2020,sectores,"Cobertura multisectorial: gobernanza y legislación de aguas, gestión de cuencas, seguridad hídrica, conflictos por el agua, derecho humano al agua potable y saneamiento, regulación económica y tarifaria de servicios públicos de agua, y el nexo intersectorial entre agua, energía (hidroelectricidad, biocombustibles, minería) y alimentación (riego, agroexportación).",agua:Agua y recursos hídricos | energia:Energía,False,,,pendiente
https://hdl.handle.net/11362/46792,Reflexiones sobre la gestión del agua en América Latina y el Caribe. Textos seleccionados 2002-2020,organizaciones,"Estados Unidos (jurisprudencia de derechos de agua, Tennessee Valley Authority, principios regulatorios de servicios públicos), España (Ley de Aguas de 1879, planificación por cuenca desde 1926), Francia (organismos de cuenca, contratos de ""délégation de service public""), la Unión Europea (Directiva Marco del Agua 2000/60/CE), y organismos internacionales (Banco Mundial, Global Water Partnership, OCDE, IPCC, ONU-Agua, Foro Económico Mundial) como referentes conceptuales y normativos incorporados al análisis regional, sin ser objeto de la propuesta de política del documento.",ipcc:IPCC | naciones_unidas:Naciones Unidas | ocde:OCDE | banco_mundial:Banco Mundial,False,,,pendiente
https://hdl.handle.net/11362/48603,Building a climate resilient power sector in the context of the Caribbean small island developing States' energy transition. Policy Brief,autoria,,,False,,,pendiente
https://hdl.handle.net/11362/48603,Building a climate resilient power sector in the context of the Caribbean small island developing States' energy transition. Policy Brief,tipo_documento,Policy Brief,policy_brief:Policy brief,False,,,pendiente
https://hdl.handle.net/11362/48603,Building a climate resilient power sector in the context of the Caribbean small island developing States' energy transition. Policy Brief,ambito_aplicacion,"Pequeños Estados insulares en desarrollo (SIDS) del Caribe, con CARICOM como marco institucional; no cubre América Latina continental",subregional:Subregional,True,,,pendiente
https://hdl.handle.net/11362/48603,Building a climate resilient power sector in the context of the Caribbean small island developing States' energy transition. Policy Brief,paises,"Pequeños Estados insulares en desarrollo (SIDS) del Caribe, con CARICOM como marco institucional; no cubre América Latina continental",,True,,,pendiente
https://hdl.handle.net/11362/48603,Building a climate resilient power sector in the context of the Caribbean small island developing States' energy transition. Policy Brief,subregiones,"Pequeños Estados insulares en desarrollo (SIDS) del Caribe, con CARICOM como marco institucional; no cubre América Latina continental",caribe:Caribe,False,,,pendiente
https://hdl.handle.net/11362/48603,Building a climate resilient power sector in the context of the Caribbean small island developing States' energy transition. Policy Brief,sectores,"Sector eléctrico (generación, transmisión y distribución, demanda) exclusivamente",,True,,,pendiente
https://hdl.handle.net/11362/48603,Building a climate resilient power sector in the context of the Caribbean small island developing States' energy transition. Policy Brief,organizaciones,"Estados Unidos (comparación de tarifas eléctricas; NREL y Rocky Mountain Institute como fuentes de marcos técnicos); Puerto Rico como caso ilustrativo de colapso de red; IEA, IRENA y Banco Mundial como fuentes de datos y metodologías",banco_mundial:Banco Mundial,False,,,pendiente
https://hdl.handle.net/11362/47745,Una década de acción para un cambio de época. Quinto informe sobre el progreso y los desafíos regionales de la Agenda 2030 para el Desarrollo Sostenible en América Latina y el Caribe,autoria,,,False,,,pendiente
https://hdl.handle.net/11362/47745,Una década de acción para un cambio de época. Quinto informe sobre el progreso y los desafíos regionales de la Agenda 2030 para el Desarrollo Sostenible en América Latina y el Caribe,tipo_documento,Informe de seguimiento intergubernamental (informe insignia de la CEPAL para el Foro de los Países de América Latina y el Caribe sobre el Desarrollo Sostenible),informe_insignia_panorama:Informe insignia o Panorama,False,,,pendiente
https://hdl.handle.net/11362/47745,Una década de acción para un cambio de época. Quinto informe sobre el progreso y los desafíos regionales de la Agenda 2030 para el Desarrollo Sostenible en América Latina y el Caribe,ambito_aplicacion,"Los 33 países de América Latina y el Caribe en su conjunto, con análisis diferenciado por subregiones: Centroamérica, México y República Dominicana; el Caribe (incluidos los pequeños Estados insulares en desarrollo); y América del Sur.",regional:Regional | subregional:Subregional,True,,,pendiente
https://hdl.handle.net/11362/47745,Una década de acción para un cambio de época. Quinto informe sobre el progreso y los desafíos regionales de la Agenda 2030 para el Desarrollo Sostenible en América Latina y el Caribe,paises,"Los 33 países de América Latina y el Caribe en su conjunto, con análisis diferenciado por subregiones: Centroamérica, México y República Dominicana; el Caribe (incluidos los pequeños Estados insulares en desarrollo); y América del Sur.",mexico:México | republica_dominicana:República Dominicana,False,,,pendiente
https://hdl.handle.net/11362/47745,Una década de acción para un cambio de época. Quinto informe sobre el progreso y los desafíos regionales de la Agenda 2030 para el Desarrollo Sostenible en América Latina y el Caribe,subregiones,"Los 33 países de América Latina y el Caribe en su conjunto, con análisis diferenciado por subregiones: Centroamérica, México y República Dominicana; el Caribe (incluidos los pequeños Estados insulares en desarrollo); y América del Sur.",alc:América Latina y el Caribe | centroamerica:Centroamérica | caribe:Caribe,False,,,pendiente
https://hdl.handle.net/11362/47745,Una década de acción para un cambio de época. Quinto informe sobre el progreso y los desafíos regionales de la Agenda 2030 para el Desarrollo Sostenible en América Latina y el Caribe,sectores,"Multisectorial: macroeconomía y deuda soberana, mercado de trabajo y protección social, salud pública y vacunación, igualdad de género, educación, biodiversidad marina y terrestre, cambio climático, institucionalidad pública y participación de la sociedad civil y el sector privado, integración regional y arquitectura financiera internacional.",salud:Salud | ecosistemas:Ecosistemas y biodiversidad | empleo:Empleo | proteccion_social:Protección social,False,,,pendiente
https://hdl.handle.net/11362/47745,Una década de acción para un cambio de época. Quinto informe sobre el progreso y los desafíos regionales de la Agenda 2030 para el Desarrollo Sostenible en América Latina y el Caribe,organizaciones,"Estados Unidos y China, cuya rivalidad geopolítica y ciclo económico condicionan la recuperación regional (p.152); la Unión Europea y el G20, citados como referentes de estímulos fiscales y mecanismos financieros (Next Generation EU, Glasgow Financial Alliance for Net Zero, First Movers Coalition) que la región busca emular o ante los cuales negocia cooperación, sin ser estos el sujeto de análisis del documento.",,True,,,pendiente
https://hdl.handle.net/11362/82426,El impacto del cambio climático en la pobreza infantil y juvenil de América Latina,autoria,"Rafael Van der Borght; elaborado por la Sección de Cambio Climático, Ambiente, Energía y Reducción del Riesgo de Desastres de UNICEF LACRO y la Unidad de Cambio Climático de la División de Desarrollo Sostenible y Asentamientos Humanos de la CEPAL",Rafael Van der Borght | elaborado por la Sección de Cambio Climático | Ambiente | Energía | Reducción del Riesgo de Desastres de UNICEF LACRO | la Unidad de Cambio Climático de la División de Desarrollo Sostenible | Asentamientos Humanos de la CEPAL,False,,,pendiente
https://hdl.handle.net/11362/82426,El impacto del cambio climático en la pobreza infantil y juvenil de América Latina,tipo_documento,Documento de proyecto o estudio técnico (modelización econométrica interinstitucional UNICEF-CEPAL),estudio_tecnico:Estudio técnico,False,,,pendiente
https://hdl.handle.net/11362/82426,El impacto del cambio climático en la pobreza infantil y juvenil de América Latina,ambito_aplicacion,"18 países de América Latina con datos de pobreza armonizados por la CEPAL vía CEPALSTAT (aprox. 95% de la población de ALC), con resultados regionales agregados y proyecciones por país",regional:Regional | nacional:Nacional,True,,,pendiente
https://hdl.handle.net/11362/82426,El impacto del cambio climático en la pobreza infantil y juvenil de América Latina,paises,"18 países de América Latina con datos de pobreza armonizados por la CEPAL vía CEPALSTAT (aprox. 95% de la población de ALC), con resultados regionales agregados y proyecciones por país",,True,,,pendiente
https://hdl.handle.net/11362/82426,El impacto del cambio climático en la pobreza infantil y juvenil de América Latina,subregiones,"18 países de América Latina con datos de pobreza armonizados por la CEPAL vía CEPALSTAT (aprox. 95% de la población de ALC), con resultados regionales agregados y proyecciones por país",alc:América Latina y el Caribe,False,,,pendiente
https://hdl.handle.net/11362/82426,El impacto del cambio climático en la pobreza infantil y juvenil de América Latina,sectores,"Protección social y pobreza monetaria infantil y juvenil; el cambio climático entra como canal macroeconómico (escenarios de GEI → PIB per cápita → pobreza), no como objeto de política productiva o energética",energia:Energía | proteccion_social:Protección social,False,,,pendiente
https://hdl.handle.net/11362/82426,El impacto del cambio climático en la pobreza infantil y juvenil de América Latina,organizaciones,"Marcos globales usados como insumo metodológico, no como sujeto de análisis: escenarios climáticos de la fase IV del NGFS, modelización de riesgos de Climate Analytics (modelo macroeconómico NiGEM, CLIMADA), trayectorias SSP, líneas internacionales de pobreza del Banco Mundial ($2.15/$3.65/$6.85) contrastadas en el anexo, y literatura econométrica de funciones de daño (Kalkuhl y Wenz 2020; Burke, Hsiang y Miguel 2015)",banco_mundial:Banco Mundial,False,,,pendiente
https://hdl.handle.net/11362/48724,Acción climática en la agricultura: la experiencia de países miembros de la Plataforma de Acción Climática en Agricultura de Latinoamérica y el Caribe,autoria,Walter Oyhantçabal y Adrián G. Rodríguez,Walter Oyhantçabal | Adrián G. Rodríguez,False,,,pendiente
https://hdl.handle.net/11362/48724,Acción climática en la agricultura: la experiencia de países miembros de la Plataforma de Acción Climática en Agricultura de Latinoamérica y el Caribe,tipo_documento,Documento de trabajo — serie Recursos Naturales y Desarrollo N° 215 (CEPAL),documento_trabajo:Documento de trabajo,False,,,pendiente
https://hdl.handle.net/11362/48724,Acción climática en la agricultura: la experiencia de países miembros de la Plataforma de Acción Climática en Agricultura de Latinoamérica y el Caribe,ambito_aplicacion,"12 países miembros de PLACA: Argentina, Bahamas, Brasil, Colombia, Costa Rica, Chile, Guatemala, Haití, México, Perú, República Dominicana y Uruguay (p.9)",regional:Regional,True,,,pendiente
https://hdl.handle.net/11362/48724,Acción climática en la agricultura: la experiencia de países miembros de la Plataforma de Acción Climática en Agricultura de Latinoamérica y el Caribe,paises,"12 países miembros de PLACA: Argentina, Bahamas, Brasil, Colombia, Costa Rica, Chile, Guatemala, Haití, México, Perú, República Dominicana y Uruguay (p.9)",argentina:Argentina | bahamas:Bahamas | brasil:Brasil | chile:Chile | colombia:Colombia | costa_rica:Costa Rica | guatemala:Guatemala | haiti:Haití | mexico:México | peru:Perú | republica_dominicana:República Dominicana | uruguay:Uruguay,False,,,pendiente
https://hdl.handle.net/11362/48724,Acción climática en la agricultura: la experiencia de países miembros de la Plataforma de Acción Climática en Agricultura de Latinoamérica y el Caribe,subregiones,"12 países miembros de PLACA: Argentina, Bahamas, Brasil, Colombia, Costa Rica, Chile, Guatemala, Haití, México, Perú, República Dominicana y Uruguay (p.9)",,True,,,pendiente
https://hdl.handle.net/11362/48724,Acción climática en la agricultura: la experiencia de países miembros de la Plataforma de Acción Climática en Agricultura de Latinoamérica y el Caribe,sectores,"Sector agropecuario (agricultura, ganadería, silvicultura y otros usos de la tierra — AFOLU) en su articulación con la política climática nacional de mitigación y adaptación",agricultura:Agricultura,False,,,pendiente
https://hdl.handle.net/11362/48724,Acción climática en la agricultura: la experiencia de países miembros de la Plataforma de Acción Climática en Agricultura de Latinoamérica y el Caribe,organizaciones,"CMNUCC, Acuerdo de París, IPCC, y las organizaciones que apoyan técnica o financieramente a PLACA y a los casos de éxito (FAO, CEPAL, CGIAR-CCAFS, GIZ, BID-FOMIN, GEF, Banco Mundial, Fondo de Adaptación) — citadas como cooperantes, no como sujeto de análisis (p.9-10, 80-97)",cepal:CEPAL | bid:BID | fao:FAO | ipcc:IPCC | banco_mundial:Banco Mundial,False,,,pendiente
https://hdl.handle.net/11362/68639,"Comercio, cambio climático y el impuesto fronterizo al carbono",autoria,"So Jeong Lee (Unidad de Comercio Internacional e Industria, sede subregional de la CEPAL en México)",So Jeong Lee (Unidad de Comercio Internacional | Industria | sede subregional de la CEPAL en México),False,,,pendiente
https://hdl.handle.net/11362/68639,"Comercio, cambio climático y el impuesto fronterizo al carbono",tipo_documento,Documento de proyecto / estudio técnico,estudio_tecnico:Estudio técnico,False,,,pendiente
https://hdl.handle.net/11362/68639,"Comercio, cambio climático y el impuesto fronterizo al carbono",ambito_aplicacion,"Subregión de la sede subregional de la CEPAL en México: Costa Rica, Cuba, El Salvador, Guatemala, Haití, Honduras, México, Nicaragua, Panamá y República Dominicana (p.13, nota 1); con referencias al conjunto de América Latina y el Caribe en las secciones de política fiscal y cooperación",regional:Regional | subregional:Subregional,True,,,pendiente
https://hdl.handle.net/11362/68639,"Comercio, cambio climático y el impuesto fronterizo al carbono",paises,"Subregión de la sede subregional de la CEPAL en México: Costa Rica, Cuba, El Salvador, Guatemala, Haití, Honduras, México, Nicaragua, Panamá y República Dominicana (p.13, nota 1); con referencias al conjunto de América Latina y el Caribe en las secciones de política fiscal y cooperación",costa_rica:Costa Rica | cuba:Cuba | el_salvador:El Salvador | guatemala:Guatemala | haiti:Haití | honduras:Honduras | mexico:México | nicaragua:Nicaragua | panama:Panamá | republica_dominicana:República Dominicana,False,,,pendiente
https://hdl.handle.net/11362/68639,"Comercio, cambio climático y el impuesto fronterizo al carbono",subregiones,"Subregión de la sede subregional de la CEPAL en México: Costa Rica, Cuba, El Salvador, Guatemala, Haití, Honduras, México, Nicaragua, Panamá y República Dominicana (p.13, nota 1); con referencias al conjunto de América Latina y el Caribe en las secciones de política fiscal y cooperación",alc:América Latina y el Caribe | caribe:Caribe,False,,,pendiente
https://hdl.handle.net/11362/68639,"Comercio, cambio climático y el impuesto fronterizo al carbono",sectores,"Comercio internacional, política fiscal/ambiental, mercado laboral; sectores del CBAM: hierro/acero, cemento, fertilizantes, aluminio, electricidad/hidrógeno (versión actual) y metales, cal, vidrio, cerámica, pulpa/papel, químicos (versión expandida hipotética)",energia:Energía | comercio:Comercio | empleo:Empleo,False,,,pendiente
https://hdl.handle.net/11362/68639,"Comercio, cambio climático y el impuesto fronterizo al carbono",organizaciones,"Unión Europea (sujeto regulador del EU-ETS y del CBAM); República de Corea, Canadá y Japón (diálogos bilaterales con la UE citados como referente, Cuadro 8); Estados Unidos y China (socios comerciales dominantes de la subregión); Chile (primer impuesto al carbono de ALC, Recuadro 10); G7 (club climático, Recuadro 4); BRICS y Australia (críticas al CBAM)",,True,,,pendiente
https://hdl.handle.net/11362/80727,América Latina y el Caribe ante las trampas del desarrollo: transformaciones indispensables y cómo gestionarlas,autoria,,,False,,,pendiente
https://hdl.handle.net/11362/80727,América Latina y el Caribe ante las trampas del desarrollo: transformaciones indispensables y cómo gestionarlas,tipo_documento,"Documento institucional de posición estratégica presentado en el cuadragésimo período de sesiones de la CEPAL (2024): propone tres ""grandes transformaciones indispensables"" para superar las trampas del desarrollo de la región (transformación productiva, reducción de la desigualdad, y sostenibilidad ambiental/cambio climático), más dos ejes transversales (capacidades institucionales y financiamiento). El cambio climático es el objeto exclusivo de solo uno de los siete capítulos (Capítulo VI); en el resto del documento aparece de forma dispersa y secundaria.",informe_estrategico:Informe estratégico,False,,,pendiente
https://hdl.handle.net/11362/80727,América Latina y el Caribe ante las trampas del desarrollo: transformaciones indispensables y cómo gestionarlas,ambito_aplicacion,"América Latina y el Caribe en su conjunto (33 países), con desagregaciones frecuentes por subregión (América del Sur, Centroamérica y México, el Caribe) y casos nacionales ilustrativos (Chile y Colombia en electromovilidad, Bolivia en litio, Brasil y Colombia en bioeconomía, entre muchos otros) a lo largo de los siete capítulos.",regional:Regional | subregional:Subregional,True,,,pendiente
https://hdl.handle.net/11362/80727,América Latina y el Caribe ante las trampas del desarrollo: transformaciones indispensables y cómo gestionarlas,paises,"América Latina y el Caribe en su conjunto (33 países), con desagregaciones frecuentes por subregión (América del Sur, Centroamérica y México, el Caribe) y casos nacionales ilustrativos (Chile y Colombia en electromovilidad, Bolivia en litio, Brasil y Colombia en bioeconomía, entre muchos otros) a lo largo de los siete capítulos.",bolivia:Bolivia (Estado Plurinacional de) | brasil:Brasil | chile:Chile | colombia:Colombia | mexico:México,False,,,pendiente
https://hdl.handle.net/11362/80727,América Latina y el Caribe ante las trampas del desarrollo: transformaciones indispensables y cómo gestionarlas,subregiones,"América Latina y el Caribe en su conjunto (33 países), con desagregaciones frecuentes por subregión (América del Sur, Centroamérica y México, el Caribe) y casos nacionales ilustrativos (Chile y Colombia en electromovilidad, Bolivia en litio, Brasil y Colombia en bioeconomía, entre muchos otros) a lo largo de los siete capítulos.",alc:América Latina y el Caribe | centroamerica:Centroamérica | caribe:Caribe,False,,,pendiente
https://hdl.handle.net/11362/80727,América Latina y el Caribe ante las trampas del desarrollo: transformaciones indispensables y cómo gestionarlas,sectores,"Cobertura multisectorial completa: política de desarrollo productivo, tributación, protección social, educación, sociedad del cuidado, planificación urbana (transformaciones productiva y de desigualdad, capítulos II a V); y, específicamente para la transformación de sostenibilidad (Capítulo VI), transición energética, hidrógeno verde, electromovilidad, minerales críticos, gestión hídrica, turismo sostenible, bioeconomía y economía circular. El Capítulo VII cubre movilización de financiamiento (fiscal, privado, internacional) para el desarrollo en general, incluida la inversión climática.",agua:Agua y recursos hídricos | energia:Energía | finanzas:Finanzas y financiamiento | proteccion_social:Protección social,False,,,pendiente
https://hdl.handle.net/11362/80727,América Latina y el Caribe ante las trampas del desarrollo: transformaciones indispensables y cómo gestionarlas,organizaciones,"Estados Unidos, la Unión Europea y China como referentes de política industrial y climática (Ley de Reducción de la Inflación, Pacto Verde Europeo, XIV Plan Quinquenal chino, cuadro I.1 y cuadro VI.1); la OCDE como comparador de presión tributaria, inversión pública y gasto en desarrollo productivo; el G20 y las Naciones Unidas como foros de reforma de la arquitectura financiera internacional (Cumbre del Futuro, Cuarta Conferencia Internacional sobre la Financiación para el Desarrollo de 2025); Alemania y la Unión Europea (BIO2REG) como referentes de clústeres de bioeconomía.",naciones_unidas:Naciones Unidas | ocde:OCDE,False,,,pendiente
https://hdl.handle.net/11362/37310,La economía del cambio climático en América Latina y el Caribe: paradojas y desafíos del desarrollo sostenible,autoria,"Luis Miguel Galindo y Joseluis Samaniego (coordinación y redacción general), con la participación de un equipo técnico de la CEPAL",Luis Miguel Galindo | Joseluis Samaniego (coordinación | redacción general) | con la participación de un equipo técnico de la CEPAL,True,,,pendiente
https://hdl.handle.net/11362/37310,La economía del cambio climático en América Latina y el Caribe: paradojas y desafíos del desarrollo sostenible,tipo_documento,Informe institucional de síntesis regional,informe:Informe,False,,,pendiente
https://hdl.handle.net/11362/37310,La economía del cambio climático en América Latina y el Caribe: paradojas y desafíos del desarrollo sostenible,ambito_aplicacion,"América Latina y el Caribe en su conjunto, con estudios de caso subregionales y nacionales específicos desarrollados en el capítulo III: Centroamérica, el Caribe, la Argentina, Chile y el Uruguay.",regional:Regional | subregional:Subregional,True,,,pendiente
https://hdl.handle.net/11362/37310,La economía del cambio climático en América Latina y el Caribe: paradojas y desafíos del desarrollo sostenible,paises,"América Latina y el Caribe en su conjunto, con estudios de caso subregionales y nacionales específicos desarrollados en el capítulo III: Centroamérica, el Caribe, la Argentina, Chile y el Uruguay.",argentina:Argentina | chile:Chile | uruguay:Uruguay,False,,,pendiente
https://hdl.handle.net/11362/37310,La economía del cambio climático en América Latina y el Caribe: paradojas y desafíos del desarrollo sostenible,subregiones,"América Latina y el Caribe en su conjunto, con estudios de caso subregionales y nacionales específicos desarrollados en el capítulo III: Centroamérica, el Caribe, la Argentina, Chile y el Uruguay.",alc:América Latina y el Caribe | centroamerica:Centroamérica | caribe:Caribe,False,,,pendiente
https://hdl.handle.net/11362/37310,La economía del cambio climático en América Latina y el Caribe: paradojas y desafíos del desarrollo sostenible,sectores,"Multisectorial: agricultura y ganadería, recursos hídricos, salud urbana y calidad del aire, zonas costeras y turismo, biodiversidad y bosques, gestión del riesgo de desastres, energía y transporte, y finanzas públicas.",agricultura:Agricultura | agua:Agua y recursos hídricos | energia:Energía | transporte:Transporte | salud:Salud | finanzas:Finanzas y financiamiento | ecosistemas:Ecosistemas y biodiversidad,False,,,pendiente
https://hdl.handle.net/11362/37310,La economía del cambio climático en América Latina y el Caribe: paradojas y desafíos del desarrollo sostenible,organizaciones,"Escenarios y modelos climáticos globales del IPCC (RCP2.6/4.5/6.0/8.5, Quinto Informe de Evaluación); estimaciones de organismos internacionales (Banco Mundial, PNUD, PNUMA, BID, Stern Review); y una comparación puntual con países de la OCDE para las elasticidades de la demanda de gasolina (cuadro VI.1) -citados como referencia comparativa metodológica, no como sujeto de análisis del documento.",bid:BID | ipcc:IPCC | ocde:OCDE | banco_mundial:Banco Mundial,False,,,pendiente
https://hdl.handle.net/11362/43301,"Acceso a la información, la participación y la justicia en asuntos ambientales en América Latina y el Caribe: hacia el logro de la Agenda 2030 para el Desarrollo Sostenible",autoria,"Valeria Torres (redacción), con la participación de Carlos de Miguel y David Barrio; colaboraron Francisca Aguilar, Brayden Koslowsky, Sebastián Donoso, Lina Arestizabal y Birgit Altmann; el análisis de los conflictos socioambientales del capítulo VI fue realizado por Francisca Reyes, con la colaboración de Emilia Ríos (funcionarios y consultores de la División de Desarrollo Sostenible y Asentamientos Humanos de la CEPAL)",Valeria Torres (redacción) | con la participación de Carlos de Miguel | David Barrio | colaboraron Francisca Aguilar | Brayden Koslowsky | Sebastián Donoso | Lina Arestizabal | Birgit Altmann | el análisis de los conflictos socioambientales del capítulo VI fue realizado por Francisca Reyes | con la colaboración de Emilia Ríos (funcionarios | consultores de la División de Desarrollo Sostenible | Asentamientos Humanos de la CEPAL),True,,,pendiente
https://hdl.handle.net/11362/43301,"Acceso a la información, la participación y la justicia en asuntos ambientales en América Latina y el Caribe: hacia el logro de la Agenda 2030 para el Desarrollo Sostenible",tipo_documento,"Documento técnico institucional — informe temático de actualización (versión anterior de 2013) sobre el Principio 10 de la Declaración de Río, revisión comparada de marcos legales e institucionales de gobernanza ambiental en los 33 países de América Latina y el Caribe",informe:Informe,False,,,pendiente
https://hdl.handle.net/11362/43301,"Acceso a la información, la participación y la justicia en asuntos ambientales en América Latina y el Caribe: hacia el logro de la Agenda 2030 para el Desarrollo Sostenible",ambito_aplicacion,"América Latina y el Caribe (33 países), con revisión país por país de marcos constitucionales, legales, institucionales y jurisprudenciales en materia de acceso a la información, participación y justicia ambiental",regional:Regional | subregional:Subregional | nacional:Nacional,True,,,pendiente
https://hdl.handle.net/11362/43301,"Acceso a la información, la participación y la justicia en asuntos ambientales en América Latina y el Caribe: hacia el logro de la Agenda 2030 para el Desarrollo Sostenible",paises,"América Latina y el Caribe (33 países), con revisión país por país de marcos constitucionales, legales, institucionales y jurisprudenciales en materia de acceso a la información, participación y justicia ambiental",,True,,,pendiente
https://hdl.handle.net/11362/43301,"Acceso a la información, la participación y la justicia en asuntos ambientales en América Latina y el Caribe: hacia el logro de la Agenda 2030 para el Desarrollo Sostenible",subregiones,"América Latina y el Caribe (33 países), con revisión país por país de marcos constitucionales, legales, institucionales y jurisprudenciales en materia de acceso a la información, participación y justicia ambiental",alc:América Latina y el Caribe | caribe:Caribe,False,,,pendiente
https://hdl.handle.net/11362/43301,"Acceso a la información, la participación y la justicia en asuntos ambientales en América Latina y el Caribe: hacia el logro de la Agenda 2030 para el Desarrollo Sostenible",sectores,"Gobernanza ambiental transversal: acceso a la información pública y ambiental, registros de emisiones y contaminantes, evaluación de impacto ambiental y evaluación ambiental estratégica, participación pública y consulta a pueblos indígenas y afrodescendientes, acceso a la justicia ambiental (tribunales, fiscalías, defensorías) y prevención de conflictos socioambientales",,True,,,pendiente
https://hdl.handle.net/11362/43301,"Acceso a la información, la participación y la justicia en asuntos ambientales en América Latina y el Caribe: hacia el logro de la Agenda 2030 para el Desarrollo Sostenible",organizaciones,"Convención de Aarhus / Comisión Económica para Europa (CEPE) como instrumento vinculante de referencia (p.24-25); Estados Unidos, el Canadá y México a través del TLCAN/ACAAN, y la Unión Europea a través de acuerdos de asociación y del CARIFORUM, como antecedentes de incorporación de derechos de acceso en tratados de libre comercio (p.35); la OCDE como organismo evaluador externo (evaluaciones de desempeño ambiental conjuntas con la CEPAL, p.36-37) — citados como marco comparado o evaluador externo, no como sujeto de análisis del documento",cepal:CEPAL | ocde:OCDE,False,,,pendiente
https://hdl.handle.net/11362/67989,Estudio Económico de América Latina y el Caribe 2023. El financiamiento de una transición sostenible: inversión para crecer y enfrentar el cambio climático,autoria,"Documento institucional coordinado por Daniel Titelman, Director de la División de Desarrollo Económico de la CEPAL (Parte I, junto con Ramón Pineda Salazar; Parte II, junto con Noel Pérez Benítez para los capítulos II y III, y con Christine Carton como autora del capítulo IV), con la colaboración de un amplio equipo de la División de Desarrollo Económico, la División de Estadísticas, la División de Comercio Internacional e Integración y las sedes subregionales y oficinas nacionales de la CEPAL (créditos completos en p.4).",Documento institucional coordinado por Daniel Titelman | Director de la División de Desarrollo Económico de la CEPAL (Parte I | junto con Ramón Pineda Salazar | Parte II | junto con Noel Pérez Benítez para los capítulos II | III | y con Christine Carton como autora del capítulo IV) | con la colaboración de un amplio equipo de la División de Desarrollo Económico | la División de Estadísticas | la División de Comercio Internacional | Integración | las sedes subregionales | oficinas nacionales de la CEPAL (créditos completos en p.4),True,,,pendiente
https://hdl.handle.net/11362/67989,Estudio Económico de América Latina y el Caribe 2023. El financiamiento de una transición sostenible: inversión para crecer y enfrentar el cambio climático,tipo_documento,"Informe insignia anual de la CEPAL (Estudio Económico de América Latina y el Caribe, 75ª edición), con una monografía especial de tres capítulos sobre financiamiento climático en su segunda parte — es un híbrido entre el panorama macroeconómico regional estándar de la serie y un análisis climático-fiscal especializado.",informe_insignia_panorama:Informe insignia o Panorama,False,,,pendiente
https://hdl.handle.net/11362/67989,Estudio Económico de América Latina y el Caribe 2023. El financiamiento de una transición sostenible: inversión para crecer y enfrentar el cambio climático,ambito_aplicacion,"América Latina y el Caribe en su conjunto (33 países) para el panorama macroeconómico general de la Parte I y para los capítulos III y IV de la Parte II (financiamiento y banca central); un grupo de seis países de Centroamérica y el Caribe especialmente vulnerables —Barbados, El Salvador, Guatemala, Honduras, República Dominicana y Santa Lucía— para el modelo de crecimiento y sostenibilidad de la deuda del capítulo II (p.153).",regional:Regional | subregional:Subregional,True,,,pendiente
https://hdl.handle.net/11362/67989,Estudio Económico de América Latina y el Caribe 2023. El financiamiento de una transición sostenible: inversión para crecer y enfrentar el cambio climático,paises,"América Latina y el Caribe en su conjunto (33 países) para el panorama macroeconómico general de la Parte I y para los capítulos III y IV de la Parte II (financiamiento y banca central); un grupo de seis países de Centroamérica y el Caribe especialmente vulnerables —Barbados, El Salvador, Guatemala, Honduras, República Dominicana y Santa Lucía— para el modelo de crecimiento y sostenibilidad de la deuda del capítulo II (p.153).",barbados:Barbados | el_salvador:El Salvador | guatemala:Guatemala | honduras:Honduras | republica_dominicana:República Dominicana | santa_lucia:Santa Lucía,False,,,pendiente
https://hdl.handle.net/11362/67989,Estudio Económico de América Latina y el Caribe 2023. El financiamiento de una transición sostenible: inversión para crecer y enfrentar el cambio climático,subregiones,"América Latina y el Caribe en su conjunto (33 países) para el panorama macroeconómico general de la Parte I y para los capítulos III y IV de la Parte II (financiamiento y banca central); un grupo de seis países de Centroamérica y el Caribe especialmente vulnerables —Barbados, El Salvador, Guatemala, Honduras, República Dominicana y Santa Lucía— para el modelo de crecimiento y sostenibilidad de la deuda del capítulo II (p.153).",alc:América Latina y el Caribe | centroamerica:Centroamérica | caribe:Caribe,False,,,pendiente
https://hdl.handle.net/11362/67989,Estudio Económico de América Latina y el Caribe 2023. El financiamiento de una transición sostenible: inversión para crecer y enfrentar el cambio climático,sectores,"Panorama macroeconómico regional completo (contexto internacional, liquidez global, sector externo, desempeño interno, política fiscal y monetaria) en la Parte I; en la Parte II: estructuras económicas vulnerables al clima (agricultura, turismo), inversión pública y privada, sostenibilidad de la deuda pública, tributación ambiental, mercados de capitales y bonos temáticos, cooperación internacional para el desarrollo, mecanismos de alivio de deuda climática, y el papel de los bancos centrales y supervisores financieros en la gestión de riesgos climáticos y el escalamiento de finanzas sostenibles.",agricultura:Agricultura | finanzas:Finanzas y financiamiento,False,,,pendiente
https://hdl.handle.net/11362/67989,Estudio Económico de América Latina y el Caribe 2023. El financiamiento de una transición sostenible: inversión para crecer y enfrentar el cambio climático,organizaciones,"Estados Unidos, la Unión Europea y China como socios comerciales y como origen de shocks financieros externos (política monetaria de la Reserva Federal, crisis bancaria de marzo de 2023); las economías emergentes y en desarrollo de Asia y las economías avanzadas de la OCDE como puntos de comparación en inversión pública (11,7% y 3,5% del PIB frente al 2,8% de la región, p.196-197), presión tributaria (34,1% del PIB en la OCDE frente al 21,7% regional, p.204) y tasas de interés efectivas de la deuda (2,8% en Asia emergente y 1,4% en economías avanzadas frente a promedios regionales muy superiores, p.201); la Unión Europea (Banco Central Europeo, taxonomía verde de la UE) como referente metodológico para las taxonomías verdes e iniciativas de banca central de la región.",ocde:OCDE,False,,,pendiente
https://hdl.handle.net/11362/69031,"La economía del cambio climático en América Latina y el Caribe, 2023: necesidades de financiamiento y herramientas de política para la transición hacia economías con bajas emisiones de carbono y resilientes al cambio climático",autoria,"Carlos de Miguel, Santiago Lorenzo, José Javier Gómez, José Eduardo Alatorre y Jimy Ferrer (funcionarios de la Unidad de Cambio Climático, División de Desarrollo Sostenible y Asentamientos Humanos de la CEPAL), y Lucía Rezza e Ignacio Fernández (consultores de la misma División)",Carlos de Miguel | Santiago Lorenzo | José Javier Gómez | José Eduardo Alatorre | Jimy Ferrer (funcionarios de la Unidad de Cambio Climático | División de Desarrollo Sostenible | Asentamientos Humanos de la CEPAL) | y Lucía Rezza | Ignacio Fernández (consultores de la misma División),True,,,pendiente
https://hdl.handle.net/11362/69031,"La economía del cambio climático en América Latina y el Caribe, 2023: necesidades de financiamiento y herramientas de política para la transición hacia economías con bajas emisiones de carbono y resilientes al cambio climático",tipo_documento,"Documento técnico institucional — serie La economía del cambio climático en América Latina y el Caribe (CEPAL), elaborado en el marco del programa EUROCLIMA+ con apoyo de la Unión Europea",estudio_tecnico:Estudio técnico,False,,,pendiente
https://hdl.handle.net/11362/69031,"La economía del cambio climático en América Latina y el Caribe, 2023: necesidades de financiamiento y herramientas de política para la transición hacia economías con bajas emisiones de carbono y resilientes al cambio climático",ambito_aplicacion,"América Latina y el Caribe (33 países), con desagregación por país en cuadros y gráficos de emisiones, CDN, autobuses eléctricos e impuestos al carbono (p.20-25, 35-38, 54-58)",regional:Regional | subregional:Subregional | nacional:Nacional,True,,,pendiente
https://hdl.handle.net/11362/69031,"La economía del cambio climático en América Latina y el Caribe, 2023: necesidades de financiamiento y herramientas de política para la transición hacia economías con bajas emisiones de carbono y resilientes al cambio climático",paises,"América Latina y el Caribe (33 países), con desagregación por país en cuadros y gráficos de emisiones, CDN, autobuses eléctricos e impuestos al carbono (p.20-25, 35-38, 54-58)",,True,,,pendiente
https://hdl.handle.net/11362/69031,"La economía del cambio climático en América Latina y el Caribe, 2023: necesidades de financiamiento y herramientas de política para la transición hacia economías con bajas emisiones de carbono y resilientes al cambio climático",subregiones,"América Latina y el Caribe (33 países), con desagregación por país en cuadros y gráficos de emisiones, CDN, autobuses eléctricos e impuestos al carbono (p.20-25, 35-38, 54-58)",alc:América Latina y el Caribe | caribe:Caribe,False,,,pendiente
https://hdl.handle.net/11362/69031,"La economía del cambio climático en América Latina y el Caribe, 2023: necesidades de financiamiento y herramientas de política para la transición hacia economías con bajas emisiones de carbono y resilientes al cambio climático",sectores,"Economía del cambio climático en su conjunto: sistema energético, transporte, agricultura y deforestación, biodiversidad, agua y saneamiento, infraestructura de adaptación, sistema y regulación financiera",agricultura:Agricultura | agua:Agua y recursos hídricos | energia:Energía | transporte:Transporte | ecosistemas:Ecosistemas y biodiversidad,False,,,pendiente
https://hdl.handle.net/11362/69031,"La economía del cambio climático en América Latina y el Caribe, 2023: necesidades de financiamiento y herramientas de política para la transición hacia economías con bajas emisiones de carbono y resilientes al cambio climático",organizaciones,"Estados Unidos, China, India y la República de Corea (comparación de tasas de inversión sobre PIB, p.28); Países Bajos (estándar de protección frente a inundaciones costeras adoptado como referencia de diseño, p.41); y un grupo de países de la OCDE (Reino Unido, Francia, Alemania, Noruega, Finlandia, Dinamarca, Canadá, Australia, Japón, Suecia, Países Bajos) citados como comparación de estimaciones nacionales del precio social del carbono (p.58) — citados como referentes de metodología o de escala, no como sujeto de análisis del documento",ocde:OCDE,False,,,pendiente
https://hdl.handle.net/11362/69075,"Panorama de la Gestión Pública en América Latina y el Caribe, 2023: un Estado preparado para la acción climática",autoria,"Dante Arenas, Alejandra Naser, Verona Fideleff y Paulina Pizarro (ILPES/CEPAL); Marianela Armijo, Juan Pablo Mottola y María José Beck (consultores del ILPES); bajo la supervisión de Cielo Morales (ILPES/CEPAL) y la coordinación de Valeria Torres y Annie Dufey (ILPES/CEPAL)",Dante Arenas | Alejandra Naser | Verona Fideleff | Paulina Pizarro (ILPES/CEPAL) | Marianela Armijo | Juan Pablo Mottola | María José Beck (consultores del ILPES) | bajo la supervisión de Cielo Morales (ILPES/CEPAL) | la coordinación de Valeria Torres | Annie Dufey (ILPES/CEPAL),True,,,pendiente
https://hdl.handle.net/11362/69075,"Panorama de la Gestión Pública en América Latina y el Caribe, 2023: un Estado preparado para la acción climática",tipo_documento,Informe institucional periódico de la serie Panorama de la Gestión Pública en América Latina y el Caribe (CEPAL/ILPES),informe_insignia_panorama:Informe insignia o Panorama,False,,,pendiente
https://hdl.handle.net/11362/69075,"Panorama de la Gestión Pública en América Latina y el Caribe, 2023: un Estado preparado para la acción climática",ambito_aplicacion,"Los 33 países de América Latina y el Caribe, con análisis comparado de instrumentos, marcos legales e institucionalidad de sus administraciones públicas nacionales (planificación, hacienda/presupuesto, inversión pública, monitoreo y evaluación, servicio civil, compras públicas) y, en menor medida, ejemplos subnacionales (por ejemplo, gobiernos locales miembros de la Alianza para el Gobierno Abierto o el estado de Guanajuato en México).",regional:Regional | subregional:Subregional,True,,,pendiente
https://hdl.handle.net/11362/69075,"Panorama de la Gestión Pública en América Latina y el Caribe, 2023: un Estado preparado para la acción climática",paises,"Los 33 países de América Latina y el Caribe, con análisis comparado de instrumentos, marcos legales e institucionalidad de sus administraciones públicas nacionales (planificación, hacienda/presupuesto, inversión pública, monitoreo y evaluación, servicio civil, compras públicas) y, en menor medida, ejemplos subnacionales (por ejemplo, gobiernos locales miembros de la Alianza para el Gobierno Abierto o el estado de Guanajuato en México).",mexico:México,False,,,pendiente
https://hdl.handle.net/11362/69075,"Panorama de la Gestión Pública en América Latina y el Caribe, 2023: un Estado preparado para la acción climática",subregiones,"Los 33 países de América Latina y el Caribe, con análisis comparado de instrumentos, marcos legales e institucionalidad de sus administraciones públicas nacionales (planificación, hacienda/presupuesto, inversión pública, monitoreo y evaluación, servicio civil, compras públicas) y, en menor medida, ejemplos subnacionales (por ejemplo, gobiernos locales miembros de la Alianza para el Gobierno Abierto o el estado de Guanajuato en México).",alc:América Latina y el Caribe | caribe:Caribe,False,,,pendiente
https://hdl.handle.net/11362/69075,"Panorama de la Gestión Pública en América Latina y el Caribe, 2023: un Estado preparado para la acción climática",sectores,"Gestión pública transversal a todos los sectores de gobierno: planificación para el desarrollo, presupuestación pública, gestión de la inversión pública, sistemas de monitoreo y evaluación de políticas, y modernización del Estado (gobierno abierto, gobierno digital, servicio civil, compras públicas sostenibles), analizados en cada caso bajo el lente de la mitigación y adaptación al cambio climático y la gestión del riesgo de desastres.",finanzas:Finanzas y financiamiento,False,,,pendiente
https://hdl.handle.net/11362/69075,"Panorama de la Gestión Pública en América Latina y el Caribe, 2023: un Estado preparado para la acción climática",organizaciones,"Se usan como referentes comparativos la OCDE (presupuesto verde, panorama de administraciones públicas, índice de gobierno electrónico), la Unión Europea, y experiencias puntuales extrarregionales citadas como modelo (Nueva Zelandia —Presupuesto del Bienestar—, Reino Unido —costo de mitigación para el precio social del carbono—, Estados Unidos —costo social del carbono del IWG—, República de Corea —sistema e-Saram de gestión de recursos humanos adoptado por Uruguay—).",ocde:OCDE,False,,,pendiente
https://hdl.handle.net/11362/37791,El desafío de la sostenibilidad ambiental en América Latina y el Caribe. Textos seleccionados 2012-2014,autoria,Carlos de Miguel • Marcia Tavares (compiladores),Carlos de Miguel | Marcia Tavares (compiladores),True,,,pendiente
https://hdl.handle.net/11362/37791,El desafío de la sostenibilidad ambiental en América Latina y el Caribe. Textos seleccionados 2012-2014,tipo_documento,Compilación de textos seleccionados,compilacion:Compilación,False,,,pendiente
https://hdl.handle.net/11362/37791,El desafío de la sostenibilidad ambiental en América Latina y el Caribe. Textos seleccionados 2012-2014,ambito_aplicacion,América Latina y el Caribe,regional:Regional | subregional:Subregional,True,,,pendiente
https://hdl.handle.net/11362/37791,El desafío de la sostenibilidad ambiental en América Latina y el Caribe. Textos seleccionados 2012-2014,paises,América Latina y el Caribe,,True,,,pendiente
https://hdl.handle.net/11362/37791,El desafío de la sostenibilidad ambiental en América Latina y el Caribe. Textos seleccionados 2012-2014,subregiones,América Latina y el Caribe,alc:América Latina y el Caribe | caribe:Caribe,False,,,pendiente
https://hdl.handle.net/11362/37791,El desafío de la sostenibilidad ambiental en América Latina y el Caribe. Textos seleccionados 2012-2014,sectores,"Multisectorial: energía, transporte, tributación, comercio, gobernanza ambiental, urbanismo",energia:Energía | transporte:Transporte | ciudades_vivienda:Ciudades y vivienda | comercio:Comercio,False,,,pendiente
https://hdl.handle.net/11362/37791,El desafío de la sostenibilidad ambiental en América Latina y el Caribe. Textos seleccionados 2012-2014,organizaciones,"Naciones Unidas (como origen de la agenda post-2015 y Rio+20); PNUMA (p.43, por su estudio sobre desarrollo sostenible y igualdad); OMS (p.66, por su estimado de muertes por contaminación atmosférica); IPCC (p.122, por los escenarios de ascenso del nivel del mar AR4); IEA/IRENA (como marcos técnicos para el brief de energía limpia); Banco Mundial (como fuente de datos sobre finanzas públicas)",ipcc:IPCC | naciones_unidas:Naciones Unidas | banco_mundial:Banco Mundial,False,,,pendiente
https://hdl.handle.net/11362/37879,Impactos económicos del cambio climático en Colombia. Síntesis,autoria,,,False,,,pendiente
https://hdl.handle.net/11362/37879,Impactos económicos del cambio climático en Colombia. Síntesis,tipo_documento,Monografía / Síntesis de estudio de impactos económicos,estudio_tecnico:Estudio técnico,False,,,pendiente
https://hdl.handle.net/11362/37879,Impactos económicos del cambio climático en Colombia. Síntesis,ambito_aplicacion,"Colombia, con análisis a nivel nacional, sectorial y regional (cuencas del río Guavio, río Fraile y laguna de Fúquene)",nacional:Nacional | multinivel:Multinivel | regional:Regional,True,,,pendiente
https://hdl.handle.net/11362/37879,Impactos económicos del cambio climático en Colombia. Síntesis,paises,"Colombia, con análisis a nivel nacional, sectorial y regional (cuencas del río Guavio, río Fraile y laguna de Fúquene)",colombia:Colombia,False,,,pendiente
https://hdl.handle.net/11362/37879,Impactos económicos del cambio climático en Colombia. Síntesis,subregiones,"Colombia, con análisis a nivel nacional, sectorial y regional (cuencas del río Guavio, río Fraile y laguna de Fúquene)",,True,,,pendiente
https://hdl.handle.net/11362/37879,Impactos económicos del cambio climático en Colombia. Síntesis,sectores,"Multisectorial: ganadería, agricultura, sector forestal, pesca, transporte, recurso hídrico, especies nativas de biocomercio",agricultura:Agricultura | transporte:Transporte | ecosistemas:Ecosistemas y biodiversidad,False,,,pendiente
https://hdl.handle.net/11362/37879,Impactos económicos del cambio climático en Colombia. Síntesis,organizaciones,"BID (coautor y financiador), CEPAL (coautora técnica), IPCC (escenarios de emisiones), IDEAM (datos climáticos), WorldClim y MCG (modelos climáticos), FAO (datos pesqueros y forestales)",cepal:CEPAL | bid:BID | fao:FAO | ipcc:IPCC,False,,,pendiente
https://hdl.handle.net/11362/37910,Financiamiento para el cambio climático en América Latina en 2013,autoria,Joseluis Samaniego y Heloísa Schneider,Joseluis Samaniego | Heloísa Schneider,False,,,pendiente
https://hdl.handle.net/11362/37910,Financiamiento para el cambio climático en América Latina en 2013,tipo_documento,Documento de proyecto o estudio técnico,estudio_tecnico:Estudio técnico,False,,,pendiente
https://hdl.handle.net/11362/37910,Financiamiento para el cambio climático en América Latina en 2013,ambito_aplicacion,América Latina y el Caribe,regional:Regional | subregional:Subregional,True,,,pendiente
https://hdl.handle.net/11362/37910,Financiamiento para el cambio climático en América Latina en 2013,paises,América Latina y el Caribe,,True,,,pendiente
https://hdl.handle.net/11362/37910,Financiamiento para el cambio climático en América Latina en 2013,subregiones,América Latina y el Caribe,alc:América Latina y el Caribe | caribe:Caribe,False,,,pendiente
https://hdl.handle.net/11362/37910,Financiamiento para el cambio climático en América Latina en 2013,sectores,"financiamiento climático, fondos climáticos específicos, bancos multilaterales de desarrollo, bancos públicos de desarrollo, banca privada, fondos de pensiones, energías renovables, eficiencia energética, mitigación y adaptación",energia:Energía | finanzas:Finanzas y financiamiento,False,,,pendiente
https://hdl.handle.net/11362/37910,Financiamiento para el cambio climático en América Latina en 2013,organizaciones,"Convención Marco de las Naciones Unidas sobre el Cambio Climático, Panel Intergubernamental de Expertos sobre el Cambio Climático, Organización para la Cooperación y el Desarrollo Económicos, Club Internacional de Financiamiento para el Desarrollo (IDFC), Heinrich-Böll Stiftung, Climate Funds Update, Bloomberg New Energy Finance y Foro Económico Mundial",naciones_unidas:Naciones Unidas,False,,,pendiente
