caso,handle,dimension_original,decision,dimension_nueva,justificacion,certeza,fecha
12,https://hdl.handle.net/11362/38274,oportunidades,mantener,,La cita presenta los contratos de opción como alternativa menos costosa y favorable frente al riesgo de falta de agua; el marcador falta describe el problema, no invalida la oportunidad.,Alta,2026-08-24
17,https://hdl.handle.net/11362/39534,avances_implementacion,mantener,,La expresión hayan logrado establecer un marco legal integral evidencia una acción alcanzada; la mención de prioridades pendientes es contexto contrastante.,Alta,2026-08-24
40,https://hdl.handle.net/11362/43419,diagnostico_estructural,reclasificar,propuestas_politica,La cita formula una orientación explícita sobre dónde deben realizarse esfuerzos adicionales; no explica una causa estructural.,Alta,2026-08-24
50,https://hdl.handle.net/11362/44487,tendencias,mantener,,La cita compara el foco de financiamiento en 2016 y reporta una tendencia de priorización de la mitigación; Fondo es contexto instrumental.,Alta,2026-08-24
59,https://hdl.handle.net/11362/45023,oportunidades,mantener,,La cita describe una condición desfavorable y una posibilidad concreta de apertura de crédito; es una oportunidad condicionada, no una brecha asignada como dimensión principal.,Alta,2026-08-24
81,https://hdl.handle.net/11362/46433,diagnostico_estructural,mantener,,La cita atribuye la coordinación/regulación y generación de valor al poder y control de una empresa dominante; contiene causalidad estructural explícita.,Alta,2026-08-24
88,https://hdl.handle.net/11362/47730,diagnostico_estructural,reclasificar,estado_de_situacion,La cita reporta diferencias observadas en la respuesta de emisiones ante tasas impositivas; no explica la causa estructural de esas diferencias.,Alta,2026-08-24
89,https://hdl.handle.net/11362/47883,oportunidades,mantener,,La cita identifica una mejora ambiental potencial con ganancias agrícolas; brecha funciona como condición de oportunidad.,Alta,2026-08-24
95,https://hdl.handle.net/11362/48166,diagnostico_estructural,mantener,,La cita explica causalmente la vulnerabilidad por debilidades de planificación y regulación urbana; corresponde al diagnóstico estructural.,Alta,2026-08-24
